TokenId,Owner,Chain,BlockNumber
1,0xf0d3BA9a1FCbE23E62236EbF6CcAb6166D0a739a,ethereum,22754899
2,0x94591911e06D253Da4CB3d6A68928a6e9F54480E,ethereum,22754899
3,0x15315D97c57a331eE03D2De85a8dB5e920390e05,ethereum,22754899
4,0x85dA1E2C1AB66760201689Abc93Cc6140348CF76,ethereum,22754899
5,0xAA54fA7C21aa518787208923d8d173F2B22658fF,ethereum,22754899
6,0xfF0Aff01F4c93e73627B58C1CcAAd75E65875B48,ethereum,22754899
7,0x7FEEa2dc4C9537f81f26602cCc8d38b0169ab2D8,ethereum,22754899
8,0x5756dd4d7480580927F9Cf0E33F0274E3be408F6,ethereum,22754899
9,0x63d272b5b85aD3193afe8Fd8F39F32fb4A08A539,ethereum,22754899
10,0x0e36AeD0bAaD8f73166Fa98FEcDafAA1eb278225,ethereum,22754899
11,0x89Cff61026f6743b8d25ae9B253582083136B1C4,ethereum,22754899
12,0x24BbD5892B7Fd73f32b0e7F830E85FeBe82c2222,ethereum,22754899
13,0x7E074ce1C00960bF3503C69b15ed11cAB86deE65,ethereum,22754899
14,0x32f28F408561Bb373C269F56EE39FA6b90716270,ethereum,22754899
15,0x64f244613EA8298AF34d3f79BAd458241119C042,ethereum,22754899
16,0x64f244613EA8298AF34d3f79BAd458241119C042,ethereum,22754899
17,0x593fE14a9295490F109EEc62f6334348BB75F0E0,ethereum,22754899
18,0x458f9f7299B4DD6E0BfF25B218D0297e3E357380,ethereum,22754899
19,0x1A6D2D7A818d99C993d099493ee7eD5e6C193DAE,ethereum,22754899
20,0x2BB21291Fe8b15e1AC84C93bc0370982B85564D1,ethereum,22754899
21,0xf22a19184d103D684449f09A854A5481255067c7,ethereum,22754899
22,0x1a28E8cf55Bc47BC122ABd3eb0Ae57B885838664,ethereum,22754899
23,0x1075dbdE7a18D722dD72DC10a288E84Ed870D27e,ethereum,22754899
24,0xD83458884FDD4ec6B170A96156E0251A72538153,ethereum,22754899
25,0xf1aB8D237ff32A611Bcc8Fc405dC447e0Fa2Bb21,ethereum,22754899
26,0x271754FF8F7992a48163d59B8aa55Da184a332Fb,ethereum,22754899
27,0x23E5d8170BBBBb1148483D59ee834223fB70a6Fb,ethereum,22754899
28,0xCC6a751a0E644b445984D74f176E9bABF46B2a97,ethereum,22754899
29,0x89Cff61026f6743b8d25ae9B253582083136B1C4,ethereum,22754899
30,0xa8B6605AEF296A5c6fe64B605435f8399335efd4,ethereum,22754899
31,0xc15fbB3a94d5D95386dE36705D02735e056CD826,ethereum,22754899
32,0x2529BF6b9A9508A184DbBe7072D526290dc5Fa7a,ethereum,22754899
33,0x0e36AeD0bAaD8f73166Fa98FEcDafAA1eb278225,ethereum,22754899
34,0x90f1b072Eb7da8eF56A68D39D5eD42C0C14833d1,ethereum,22754899
35,0x90f1b072Eb7da8eF56A68D39D5eD42C0C14833d1,ethereum,22754899
36,0xFE726F1283b50717D817551962dacF51D8B2dB99,ethereum,22754899
37,0xEe543AC91D2501A9f93e5976C949f8022FbDA180,ethereum,22754899
38,0x3E58E2706085dCd2a118D067Aaa94d0AdBBEA972,ethereum,22754899
39,0x89Cff61026f6743b8d25ae9B253582083136B1C4,ethereum,22754899
40,0x32f28F408561Bb373C269F56EE39FA6b90716270,ethereum,22754899
41,0x32f28F408561Bb373C269F56EE39FA6b90716270,ethereum,22754899
42,0xec3564D31873b17101b21aA46aAAddCaa7F55525,ethereum,22754899
43,0x36C7A68162d200CFdc8940F4d99ADA79a305e7d2,ethereum,22754899
44,0x4cf232dbA440329987a689aaB03cE10229C4CbCd,ethereum,22754899
45,0x5756dd4d7480580927F9Cf0E33F0274E3be408F6,ethereum,22754899
46,0x484CAb7665C14B6294d2c1F35B39359B257c986a,ethereum,22754899
47,0xEe543AC91D2501A9f93e5976C949f8022FbDA180,ethereum,22754899
48,0x10BAdec8706234686330A1A2698720aCe53A55F5,ethereum,22754899
49,0x1bec08E9F91301d4446c3A70895379BB8a39844d,ethereum,22754899
50,0xf22a19184d103D684449f09A854A5481255067c7,ethereum,22754899
51,0xbe2560CF91534974d692395DAa3063d6A0F98D56,ethereum,22754899
52,0xEA92CFde706997aF996E4003548aAF1053f836B4,ethereum,22754899
53,0xe3EdAdF3C7773dB4235b9F3CA3a7E1eBD943d5c0,ethereum,22754899
54,0x636d90E41C0a26cDb826C4bc847956772a297Ed2,ethereum,22754899
55,0x3ACf7f198721D4dEBf2f98559Df6D7C79Da49ad1,ethereum,22754899
56,0x55B1C4F5e0DB2C89e53953268ADdfEFF8F7c0802,ethereum,22754899
57,0xa6c041b6Cd93FA00EDeA037EFEBD1dA00b4c4057,ethereum,22754899
58,0x1D260D4A1B9DB70aCb8f1539FEB7696666A85fC9,ethereum,22754899
59,0x1D260D4A1B9DB70aCb8f1539FEB7696666A85fC9,ethereum,22754899
60,0x1D260D4A1B9DB70aCb8f1539FEB7696666A85fC9,ethereum,22754899
61,0x1D260D4A1B9DB70aCb8f1539FEB7696666A85fC9,ethereum,22754899
62,0x1D260D4A1B9DB70aCb8f1539FEB7696666A85fC9,ethereum,22754899
63,0xD8eE17C7bf6c321Dea0C43728d2900b7007a6480,ethereum,22754899
64,0x1a9390554bD0a9FcdA824307000Cbf4ce1472bb8,ethereum,22754899
65,0x8e35de41C0184566068705A9C0a73e416636b730,ethereum,22754899
66,0xCC6a751a0E644b445984D74f176E9bABF46B2a97,ethereum,22754899
67,0x4923042e61c749345033a8Ef32c015EaAA98bb02,ethereum,22754899
68,0xe95a54f1103Da81E8F71f165A0117121834b2241,ethereum,22754899
69,0x2b8eEBD9b48a72c220d25c32E3473ff490ec4574,ethereum,22754899
70,0x32f28F408561Bb373C269F56EE39FA6b90716270,ethereum,22754899
71,0x70b49E9242667645dCE920f00e5849c6f4f03098,ethereum,22754899
72,0xefF2BA99E8f5c07Cf5C37217B408D82beCa236dB,ethereum,22754899
73,0x7f796402F0e76b15D30FE3E61852f059Bac73a1b,ethereum,22754899
74,0xEA92CFde706997aF996E4003548aAF1053f836B4,ethereum,22754899
75,0x83964fCB124aA1a80074B14cE7011538fD14c1a8,ethereum,22754899
76,0x89Cff61026f6743b8d25ae9B253582083136B1C4,ethereum,22754899
77,0x6015db1D04bA5e1B9992613859fb4b4DFed49004,ethereum,22754899
78,0x6C280c67D5dcdC9937B838240DfE42fefDaDab04,ethereum,22754899
79,0x89b2ee705d4b2A0f85838e6c298e4CDBf607641b,ethereum,22754899
80,0x0e3Ff42bFd6FFb664051e86f93995a7F0c9C6EA8,ethereum,22754899
81,0xf1aB8D237ff32A611Bcc8Fc405dC447e0Fa2Bb21,ethereum,22754899
82,0x1B0efb37C3e12Ced2D77189de3cEc825C75ffcdA,ethereum,22754899
83,0xb153538247111e1b22b93A77CDf41a8c04F5D253,ethereum,22754899
84,0x443729D0C14272b2cbA616473DF905D71c00dC4B,ethereum,22754899
85,0xB53FB2010E8219891fAf0E8EE365C7aeE6C20CBf,ethereum,22754899
86,0x1953b1E59d5aEF3662D3d9EBD2EE02B8BF426eFB,ethereum,22754899
87,0x2F3E9cC7Dc14e959e85d8316F6915c224876C737,ethereum,22754899
88,0x4b979490F482Cd87A5B15B2a8287ffA41495d930,ethereum,22754899
89,0x59Be2b2dfe110Af237E28Aa99dc4046f2CB754e3,ethereum,22754899
90,0x95725CEE12d85fEA1e1a7074aD9d0280d15Df9f9,ethereum,22754899
91,0xf1aB8D237ff32A611Bcc8Fc405dC447e0Fa2Bb21,ethereum,22754899
92,0xB154AF72c7f5760a92C46193Aeb24FF8DDd64488,ethereum,22754899
93,0x6A40F33685Ee2ed7D16C6dB149e3Fa6364f43A67,ethereum,22754899
94,0xE22d7289F631cB9533894B478Ead30E1777C5482,ethereum,22754899
95,0xE22d7289F631cB9533894B478Ead30E1777C5482,ethereum,22754899
96,0xf1aB8D237ff32A611Bcc8Fc405dC447e0Fa2Bb21,ethereum,22754899
97,0x4155bF25Ff385925e1f6840999915DFff546632c,ethereum,22754899
98,0x9320ED7B32db6156e68B8B5d118cc0475c488A57,ethereum,22754899
99,0xc7255B259e7Ee453099bf3B01224eaB476A30845,ethereum,22754899
100,0x63d272b5b85aD3193afe8Fd8F39F32fb4A08A539,ethereum,22754899
101,0xC031F1B5DA488c3f4d78F9Eb63b689B841D55B55,ethereum,22754899
102,0xC031F1B5DA488c3f4d78F9Eb63b689B841D55B55,ethereum,22754899
103,0x17b4a5aB884860c8069428fa46a3fCb274f4d58d,ethereum,22754899
104,0x9320ED7B32db6156e68B8B5d118cc0475c488A57,ethereum,22754899
105,0xD07f8c236944E8b76Ed0c14309dE542640f13B8b,ethereum,22754899
106,0x428ED7c65Aa0deff25D8455899f585308dd43651,ethereum,22754899
107,0x1a9390554bD0a9FcdA824307000Cbf4ce1472bb8,ethereum,22754899
108,0x5756dd4d7480580927F9Cf0E33F0274E3be408F6,ethereum,22754899
109,0x70b49E9242667645dCE920f00e5849c6f4f03098,ethereum,22754899
110,0xE88CDe4B7157b40b8980A455d9AB2CB7cf8ad326,ethereum,22754899
111,0x4923042e61c749345033a8Ef32c015EaAA98bb02,ethereum,22754899
112,0xe3EdAdF3C7773dB4235b9F3CA3a7E1eBD943d5c0,ethereum,22754899
113,0x579218a63057ca4974e72164253D62DD83c84e49,ethereum,22754899
114,0x9ce04d8F5d6a4C3bB96dBc3409DA4c708a01a5e2,ethereum,22754899
115,0xc5aeE8684202D04f27e4C3939ad6169F95d9D4aC,ethereum,22754899
116,0x63d272b5b85aD3193afe8Fd8F39F32fb4A08A539,ethereum,22754899
117,0xf22a19184d103D684449f09A854A5481255067c7,ethereum,22754899
118,0x202984913B7bb3A5ebC73E6596FEAD7Bba7bb2e8,ethereum,22754899
119,0xB53f931374F9a00Bb4cDd166b1eaC3097F9D8B1f,ethereum,22754899
120,0xa7f574271444CF1f023a9d6c382C49566aB4337B,ethereum,22754899
121,0x2fAE74cF06A60D3940FBCf6176dcA2ED200Da8CD,ethereum,22754899
122,0x5bA7368E47ea6D70A0D5D5aa9EcB4845C645b15f,ethereum,22754899
123,0xF2CAC8dC746956882404b379A631CBF7d14f5e8E,ethereum,22754899
124,0x70b49E9242667645dCE920f00e5849c6f4f03098,ethereum,22754899
125,0x4155bF25Ff385925e1f6840999915DFff546632c,ethereum,22754899
126,0x5243FD29dfE0175b7E6818C0Fa0E7A060C2c139b,ethereum,22754899
127,0x70b49E9242667645dCE920f00e5849c6f4f03098,ethereum,22754899
128,0x5756dd4d7480580927F9Cf0E33F0274E3be408F6,ethereum,22754899
129,0xF6EDbA01e72D60849cdc77910f138D91b4950974,ethereum,22754899
130,0x4155bF25Ff385925e1f6840999915DFff546632c,ethereum,22754899
131,0x04bc87aF7be701aEdfE390894E2E30a05F973Da8,ethereum,22754899
132,0xEA6107DF86faeCEDFC3D6d8c8d7f4f02D1Be07ae,ethereum,22754899
133,0x4155bF25Ff385925e1f6840999915DFff546632c,ethereum,22754899
134,0x3bf6e1573Dd865B1DECc6B0396dC65B3408ca819,ethereum,22754899
135,0x2CCe203D1F93Ed2956B96A60d2C62B508ABbA935,ethereum,22754899
136,0x72A642ddc62125828AD4314E2b06DDD5Ad33ca06,ethereum,22754899
137,0xf22a19184d103D684449f09A854A5481255067c7,ethereum,22754899
138,0x89Cff61026f6743b8d25ae9B253582083136B1C4,ethereum,22754899
139,0x4155bF25Ff385925e1f6840999915DFff546632c,ethereum,22754899
140,0x880F6B8b8B576F1bda7e92598B218a4A3c554806,ethereum,22754899
141,0x89Cff61026f6743b8d25ae9B253582083136B1C4,ethereum,22754899
142,0x1CBCC410925727887a04aE256de7ba85A5388403,ethereum,22754899
143,0x4155bF25Ff385925e1f6840999915DFff546632c,ethereum,22754899
144,0xEFc2b0a568af4D9934B7BE3eD198A10E6C608De2,ethereum,22754899
145,0x0C71fc96146A36baF36Ff1BEFebdFC2CAb8e8eBf,ethereum,22754899
146,0xBF214f76E336Bfb703ef7b13De46494457EAeF5b,ethereum,22754899
147,0xf1aB8D237ff32A611Bcc8Fc405dC447e0Fa2Bb21,ethereum,22754899
148,0xa5839867519C6f56b20EAF86E66e7c1aA99A152C,ethereum,22754899
149,0x0849A0E1845d81aC9A167549e8aB479ddC7d0d0b,ethereum,22754899
150,0x0a78c44D0cd7Cfd7fA90eE54534A389700f41A7a,ethereum,22754899
151,0x70b49E9242667645dCE920f00e5849c6f4f03098,ethereum,22754899
152,0xd846268e5f4875d8c17C787F6df234a8fa285803,ethereum,22754899
153,0x1eEF7E3436ED3529533073C801E83864588955C2,ethereum,22754899
154,0x694960151Dc033129c05F6C1cC41cfFCB2f4d067,ethereum,22754899
155,0x879921e6b53d564e93392Ef2Ba1E1556a6C62753,ethereum,22754899
156,0x59Be2b2dfe110Af237E28Aa99dc4046f2CB754e3,ethereum,22754899
157,0xA636319BaFEC2b5fb5410E4BD84fb03B778E29C8,ethereum,22754899
158,0x4923042e61c749345033a8Ef32c015EaAA98bb02,ethereum,22754899
159,0x289C8Cf9425A8Fa40467360c23f0eFb0fd719773,ethereum,22754899
160,0x1075dbdE7a18D722dD72DC10a288E84Ed870D27e,ethereum,22754899
161,0x99C35531F007BcdAb4968ef70E733B4598617CB2,ethereum,22754899
162,0xc37c0F9715039669e262e61f4D98E012Df3eF693,ethereum,22754899
163,0xC96933e81c1E157213bD98CbaA26DC05F3eE9c33,ethereum,22754899
164,0x59Be2b2dfe110Af237E28Aa99dc4046f2CB754e3,ethereum,22754899
165,0x593fE14a9295490F109EEc62f6334348BB75F0E0,ethereum,22754899
166,0x5AdC3350DdCD819bA87e6dDA6f794352AbF1B8Ec,ethereum,22754899
167,0x59Be2b2dfe110Af237E28Aa99dc4046f2CB754e3,ethereum,22754899
168,0x8eA8B91369eB3d773Ec364184c788362D0289763,ethereum,22754899
169,0x59Be2b2dfe110Af237E28Aa99dc4046f2CB754e3,ethereum,22754899
170,0x8Ec834ce81Ce47E0A09272011bf31F9693E2f20C,ethereum,22754899
171,0xCC6a751a0E644b445984D74f176E9bABF46B2a97,ethereum,22754899
172,0xc747F7914C6aE13Fe69d4cC09F7682750d84488e,ethereum,22754899
173,0x89Cff61026f6743b8d25ae9B253582083136B1C4,ethereum,22754899
174,0x89Cff61026f6743b8d25ae9B253582083136B1C4,ethereum,22754899
175,0x89Cff61026f6743b8d25ae9B253582083136B1C4,ethereum,22754899
176,0x89Cff61026f6743b8d25ae9B253582083136B1C4,ethereum,22754899
177,0xfF0Aff01F4c93e73627B58C1CcAAd75E65875B48,ethereum,22754899
178,0xf22a19184d103D684449f09A854A5481255067c7,ethereum,22754899
179,0x5AdC3350DdCD819bA87e6dDA6f794352AbF1B8Ec,ethereum,22754899
180,0x5AdC3350DdCD819bA87e6dDA6f794352AbF1B8Ec,ethereum,22754899
181,0xCC7383612019E2A08CC9D8119B9EB2527026f423,ethereum,22754899
182,0x1CBCC410925727887a04aE256de7ba85A5388403,ethereum,22754899
183,0x1CBCC410925727887a04aE256de7ba85A5388403,ethereum,22754899
184,0x347e3AF43bB62ae59569D09630c1287f135C7cbA,ethereum,22754899
185,0x36C7A68162d200CFdc8940F4d99ADA79a305e7d2,ethereum,22754899
186,0x2d844a4b9A7BF73Af56AF8382a605015935e88E9,ethereum,22754899
187,0x579218a63057ca4974e72164253D62DD83c84e49,ethereum,22754899
188,0xf1aB8D237ff32A611Bcc8Fc405dC447e0Fa2Bb21,ethereum,22754899
189,0xfF0Aff01F4c93e73627B58C1CcAAd75E65875B48,ethereum,22754899
190,0x81fC54A78e810323f52c09133E95b7862467dcA2,ethereum,22754899
191,0x89Cff61026f6743b8d25ae9B253582083136B1C4,ethereum,22754899
192,0xC8F96D01CDF56C193267E4533b5a2332375e50A3,ethereum,22754899
193,0xBde607d145567E57Df7e695ec2e4b795E9399789,ethereum,22754899
194,0x6800212FeF0f1729B96210e3Fdadf50FC21cF4e0,ethereum,22754899
195,0x1eA7853c0e74A60D1FEeE21A71240f628a2E068A,ethereum,22754899
196,0x7f5516C5cc714616CbD740aacd906aeB6A28D9Ef,ethereum,22754899
197,0xfFa914c83D851b9Fe372e4bA6A6E131373AA16ab,ethereum,22754899
198,0x4923042e61c749345033a8Ef32c015EaAA98bb02,ethereum,22754899
199,0x89b2ee705d4b2A0f85838e6c298e4CDBf607641b,ethereum,22754899
200,0xBB9B7129e47D74D16D48359f3418785A1F94E05a,ethereum,22754899
201,0x4155bF25Ff385925e1f6840999915DFff546632c,ethereum,22754899
202,0x0e36AeD0bAaD8f73166Fa98FEcDafAA1eb278225,ethereum,22754899
203,0x60Fc12b243d1E53262B542385e05C146281707E2,ethereum,22754899
204,0xeA51eba9bb1aB2fAab5cBCE73012c5dcfA4405c0,ethereum,22754899
205,0xa8B6605AEF296A5c6fe64B605435f8399335efd4,ethereum,22754899
206,0x4AF7308a8C564488258Af620dcaC39a2Ba40b008,ethereum,22754899
207,0x36d24Af3Aeb58A97146a4CcB5f72949bF494e65e,ethereum,22754899
208,0x0BC78f620F994bE5450C13724D6e5708c5c4eAFc,ethereum,22754899
209,0xda49B3a8C0CdC75c3579496c99d8066aF323e1ca,ethereum,22754899
210,0x0BC78f620F994bE5450C13724D6e5708c5c4eAFc,ethereum,22754899
211,0x0de0C8E36c8f785D7a71338BF6e44D4d4380dE4A,ethereum,22754899
212,0x0de0C8E36c8f785D7a71338BF6e44D4d4380dE4A,ethereum,22754899
213,0x36d24Af3Aeb58A97146a4CcB5f72949bF494e65e,ethereum,22754899
214,0x653ac1682D285630FB8327BD7D138CA7Ba671347,ethereum,22754899
215,0x10c73A5aD077C05154ad079b04c802520aE331A2,ethereum,22754899
216,0x498eD727BEd57D9c509EC8eACC78068FB326165A,ethereum,22754899
217,0x3022B34391d2b0C812edD2551979244eE2252eB6,ethereum,22754899
218,0x053b366216A9FC4c6219B11325F50708267501b2,ethereum,22754899
219,0xB154AF72c7f5760a92C46193Aeb24FF8DDd64488,ethereum,22754899
220,0xdEb6561120ccCDbcbB8da0B18AaB4d064D6CEED6,ethereum,22754899
221,0xdEb6561120ccCDbcbB8da0B18AaB4d064D6CEED6,ethereum,22754899
222,0x64f244613EA8298AF34d3f79BAd458241119C042,ethereum,22754899
223,0x89b2ee705d4b2A0f85838e6c298e4CDBf607641b,ethereum,22754899
224,0x32B3Ac66032258cfeBE318A910c181993974468a,ethereum,22754899
225,0xeB6b92dAe35fF27D07ea46AB40C7215A50acc438,ethereum,22754899
226,0x1bec08E9F91301d4446c3A70895379BB8a39844d,ethereum,22754899
227,0x9ce04d8F5d6a4C3bB96dBc3409DA4c708a01a5e2,ethereum,22754899
228,0x1bec08E9F91301d4446c3A70895379BB8a39844d,ethereum,22754899
229,0xAbE635A453Db40eB18c26b28C6AD624127745faD,ethereum,22754899
230,0x1bec08E9F91301d4446c3A70895379BB8a39844d,ethereum,22754899
231,0x6C8290f158f6bAcFFe11270FF59b85f1CFE4d6b6,ethereum,22754899
232,0x1bec08E9F91301d4446c3A70895379BB8a39844d,ethereum,22754899
233,0x9ce04d8F5d6a4C3bB96dBc3409DA4c708a01a5e2,ethereum,22754899
234,0x60Fc12b243d1E53262B542385e05C146281707E2,ethereum,22754899
235,0x4923042e61c749345033a8Ef32c015EaAA98bb02,ethereum,22754899
236,0x85a9478f699028A8aCAEb7F149fb4a5E03d1dEEe,ethereum,22754899
237,0x0129711a326d1FaB616bdfcA907a53d58a2923f4,ethereum,22754899
238,0x85a9478f699028A8aCAEb7F149fb4a5E03d1dEEe,ethereum,22754899
239,0xEA92CFde706997aF996E4003548aAF1053f836B4,ethereum,22754899
240,0x66F86f4aEE0A1AC6293F757D021D03dda18dcFb4,ethereum,22754899
241,0xFE33c40cceC7d8d02efe5B673E2eeeaa1639499e,ethereum,22754899
242,0x498eD727BEd57D9c509EC8eACC78068FB326165A,ethereum,22754899
243,0x99d95Bf0a3effE362ce9D9cc20AC71AEf1E5fF1f,ethereum,22754899
244,0x26bd9dA4A19CB721F9d4907585f6dB2B82ABE58e,ethereum,22754899
245,0x880F6B8b8B576F1bda7e92598B218a4A3c554806,ethereum,22754899
246,0x1A6D2D7A818d99C993d099493ee7eD5e6C193DAE,ethereum,22754899
247,0xD8eE17C7bf6c321Dea0C43728d2900b7007a6480,ethereum,22754899
248,0x00d40135154C47C7d648FB7E56dB192B7577BbDd,ethereum,22754899
249,0x57e7298d133Cbade14FDC633464FEc839DD196BF,ethereum,22754899
250,0xfb4b4828717f76EACb77A96e6Cf39dc6467050b3,ethereum,22754899
